-- ================================================================
-- 阶段五 commit 2 报表测试数据(种子)
-- 适用:全新安装的 crm_db 跑完 crm_full.sql 之后,本脚本生成
--      报表 4 Tab 能跑出非空结果的演示数据
-- 时间:2026-06-28
-- 规模:crm_lead 60 / crm_customer 100 / crm_business 30 /
--      crm_contract 15 / crm_receivable_plan 25 / crm_receivable 30 /
--      crm_record 80
-- ================================================================

SET FOREIGN_KEY_CHECKS = 0;

-- ---------- 1) crm_lead 60 条(状态 25/20/10/5) ----------
INSERT INTO crm_lead (id, lead_name, contact_name, phone, source, status, owner_user_id, remark, dead_reason, dead_time, create_by, create_time, update_by, update_time, is_deleted) VALUES
(1, '线索公司-001', '联系人1', '13800000001', '官网咨询', 1, 5, NULL, NULL, NULL, '系统', '2026-01-05 20:33:30', '', '2026-01-05 20:33:30', 0),
(2, '线索公司-002', '联系人2', '13800000002', '老客户介绍', 1, 5, NULL, NULL, NULL, '系统', '2026-02-17 13:16:43', '', '2026-02-17 13:16:43', 0),
(3, '线索公司-003', '联系人3', '13800000003', '电话拜访', 1, 3, '备注-3', NULL, NULL, '系统', '2026-05-24 00:12:16', '', '2026-05-24 00:12:16', 0),
(4, '线索公司-004', '联系人4', '13800000004', '社交媒体', 1, 3, NULL, NULL, NULL, '系统', '2026-05-24 19:45:42', '', '2026-05-24 19:45:42', 0),
(5, '线索公司-005', '联系人5', '13800000005', '官网咨询', 1, 5, NULL, NULL, NULL, '系统', '2026-04-25 15:53:40', '', '2026-04-25 15:53:40', 0),
(6, '线索公司-006', '联系人6', '13800000006', '官网咨询', 1, 4, '备注-6', NULL, NULL, '系统', '2026-01-06 18:51:54', '', '2026-01-06 18:51:54', 0),
(7, '线索公司-007', '联系人7', '13800000007', '电话拜访', 1, 3, NULL, NULL, NULL, '系统', '2026-02-15 04:16:42', '', '2026-02-15 04:16:42', 0),
(8, '线索公司-008', '联系人8', '13800000008', '广告投放', 1, 5, NULL, NULL, NULL, '系统', '2026-01-06 03:39:59', '', '2026-01-06 03:39:59', 0),
(9, '线索公司-009', '联系人9', '13800000009', '电话拜访', 1, 5, '备注-9', NULL, NULL, '系统', '2026-05-20 00:53:35', '', '2026-05-20 00:53:35', 0),
(10, '线索公司-010', '联系人10', '13800000010', '社交媒体', 1, 5, NULL, NULL, NULL, '系统', '2026-04-16 19:36:40', '', '2026-04-16 19:36:40', 0),
(11, '线索公司-011', '联系人11', '13800000011', '电话拜访', 1, 4, NULL, NULL, NULL, '系统', '2026-03-29 05:27:57', '', '2026-03-29 05:27:57', 0),
(12, '线索公司-012', '联系人12', '13800000012', '老客户介绍', 1, 5, '备注-12', NULL, NULL, '系统', '2026-06-07 04:13:09', '', '2026-06-07 04:13:09', 0),
(13, '线索公司-013', '联系人13', '13800000013', '搜索引擎', 1, 3, NULL, NULL, NULL, '系统', '2026-06-06 11:23:23', '', '2026-06-06 11:23:23', 0),
(14, '线索公司-014', '联系人14', '13800000014', '社交媒体', 1, 3, NULL, NULL, NULL, '系统', '2026-03-24 01:31:33', '', '2026-03-24 01:31:33', 0),
(15, '线索公司-015', '联系人15', '13800000015', '老客户介绍', 1, 4, '备注-15', NULL, NULL, '系统', '2026-01-31 04:35:13', '', '2026-01-31 04:35:13', 0),
(16, '线索公司-016', '联系人16', '13800000016', '搜索引擎', 1, 3, NULL, NULL, NULL, '系统', '2026-03-07 08:38:39', '', '2026-03-07 08:38:39', 0),
(17, '线索公司-017', '联系人17', '13800000017', '官网咨询', 1, 3, NULL, NULL, NULL, '系统', '2026-03-15 18:35:22', '', '2026-03-15 18:35:22', 0),
(18, '线索公司-018', '联系人18', '13800000018', '老客户介绍', 1, 3, '备注-18', NULL, NULL, '系统', '2026-06-14 13:36:36', '', '2026-06-14 13:36:36', 0),
(19, '线索公司-019', '联系人19', '13800000019', '广告投放', 1, 4, NULL, NULL, NULL, '系统', '2026-02-21 08:45:23', '', '2026-02-21 08:45:23', 0),
(20, '线索公司-020', '联系人20', '13800000020', '社交媒体', 1, 3, NULL, NULL, NULL, '系统', '2026-03-31 05:04:30', '', '2026-03-31 05:04:30', 0),
(21, '线索公司-021', '联系人21', '13800000021', '官网咨询', 1, 5, '备注-21', NULL, NULL, '系统', '2026-03-15 12:05:53', '', '2026-03-15 12:05:53', 0),
(22, '线索公司-022', '联系人22', '13800000022', '广告投放', 1, 3, NULL, NULL, NULL, '系统', '2026-02-26 22:18:35', '', '2026-02-26 22:18:35', 0),
(23, '线索公司-023', '联系人23', '13800000023', '广告投放', 1, 5, NULL, NULL, NULL, '系统', '2026-06-21 22:30:15', '', '2026-06-21 22:30:15', 0),
(24, '线索公司-024', '联系人24', '13800000024', '广告投放', 1, 4, '备注-24', NULL, NULL, '系统', '2026-02-07 08:07:47', '', '2026-02-07 08:07:47', 0),
(25, '线索公司-025', '联系人25', '13800000025', '官网咨询', 1, 5, NULL, NULL, NULL, '系统', '2026-01-09 21:33:25', '', '2026-01-09 21:33:25', 0),
(26, '线索公司-026', '联系人26', '13800000026', '电话拜访', 2, 5, NULL, NULL, NULL, '系统', '2026-05-31 02:45:34', '', '2026-05-31 02:45:34', 0),
(27, '线索公司-027', '联系人27', '13800000027', '官网咨询', 2, 4, '备注-27', NULL, NULL, '系统', '2026-06-16 02:04:10', '', '2026-06-16 02:04:10', 0),
(28, '线索公司-028', '联系人28', '13800000028', '搜索引擎', 2, 3, NULL, NULL, NULL, '系统', '2026-01-20 14:42:02', '', '2026-01-20 14:42:02', 0),
(29, '线索公司-029', '联系人29', '13800000029', '老客户介绍', 2, 4, NULL, NULL, NULL, '系统', '2026-03-30 01:02:42', '', '2026-03-30 01:02:42', 0),
(30, '线索公司-030', '联系人30', '13800000030', '搜索引擎', 2, 5, '备注-30', NULL, NULL, '系统', '2026-03-12 20:14:28', '', '2026-03-12 20:14:28', 0),
(31, '线索公司-031', '联系人31', '13800000031', '老客户介绍', 2, 3, NULL, NULL, NULL, '系统', '2026-03-10 23:40:53', '', '2026-03-10 23:40:53', 0),
(32, '线索公司-032', '联系人32', '13800000032', '社交媒体', 2, 3, NULL, NULL, NULL, '系统', '2026-02-21 20:12:24', '', '2026-02-21 20:12:24', 0),
(33, '线索公司-033', '联系人33', '13800000033', '社交媒体', 2, 5, '备注-33', NULL, NULL, '系统', '2026-05-06 20:03:49', '', '2026-05-06 20:03:49', 0),
(34, '线索公司-034', '联系人34', '13800000034', '广告投放', 2, 3, NULL, NULL, NULL, '系统', '2026-05-04 07:12:47', '', '2026-05-04 07:12:47', 0),
(35, '线索公司-035', '联系人35', '13800000035', '广告投放', 2, 3, NULL, NULL, NULL, '系统', '2026-05-22 13:58:37', '', '2026-05-22 13:58:37', 0),
(36, '线索公司-036', '联系人36', '13800000036', '电话拜访', 2, 3, '备注-36', NULL, NULL, '系统', '2026-03-31 18:17:19', '', '2026-03-31 18:17:19', 0),
(37, '线索公司-037', '联系人37', '13800000037', '老客户介绍', 2, 4, NULL, NULL, NULL, '系统', '2026-05-05 06:36:54', '', '2026-05-05 06:36:54', 0),
(38, '线索公司-038', '联系人38', '13800000038', '广告投放', 2, 5, NULL, NULL, NULL, '系统', '2026-02-12 15:28:51', '', '2026-02-12 15:28:51', 0),
(39, '线索公司-039', '联系人39', '13800000039', '老客户介绍', 2, 5, '备注-39', NULL, NULL, '系统', '2026-06-13 15:58:28', '', '2026-06-13 15:58:28', 0),
(40, '线索公司-040', '联系人40', '13800000040', '电话拜访', 2, 3, NULL, NULL, NULL, '系统', '2026-06-09 13:52:39', '', '2026-06-09 13:52:39', 0),
(41, '线索公司-041', '联系人41', '13800000041', '搜索引擎', 2, 3, NULL, NULL, NULL, '系统', '2026-03-03 06:07:03', '', '2026-03-03 06:07:03', 0),
(42, '线索公司-042', '联系人42', '13800000042', '老客户介绍', 2, 4, '备注-42', NULL, NULL, '系统', '2026-01-13 20:27:40', '', '2026-01-13 20:27:40', 0),
(43, '线索公司-043', '联系人43', '13800000043', '广告投放', 2, 3, NULL, NULL, NULL, '系统', '2026-06-20 04:10:08', '', '2026-06-20 04:10:08', 0),
(44, '线索公司-044', '联系人44', '13800000044', '老客户介绍', 2, 5, NULL, NULL, NULL, '系统', '2026-02-11 06:54:41', '', '2026-02-11 06:54:41', 0),
(45, '线索公司-045', '联系人45', '13800000045', '展会推广', 2, 5, '备注-45', NULL, NULL, '系统', '2026-03-18 19:46:41', '', '2026-03-18 19:46:41', 0),
(46, '线索公司-046', '联系人46', '13800000046', '展会推广', 3, 5, NULL, NULL, NULL, '系统', '2026-01-28 17:49:47', '', '2026-01-28 17:49:47', 0),
(47, '线索公司-047', '联系人47', '13800000047', '电话拜访', 3, 4, NULL, NULL, NULL, '系统', '2026-02-17 21:22:02', '', '2026-02-17 21:22:02', 0),
(48, '线索公司-048', '联系人48', '13800000048', '广告投放', 3, 5, '备注-48', NULL, NULL, '系统', '2026-04-15 15:48:58', '', '2026-04-15 15:48:58', 0),
(49, '线索公司-049', '联系人49', '13800000049', '社交媒体', 3, 4, NULL, NULL, NULL, '系统', '2026-04-24 12:22:05', '', '2026-04-24 12:22:05', 0),
(50, '线索公司-050', '联系人50', '13800000050', '广告投放', 3, 4, NULL, NULL, NULL, '系统', '2026-03-19 13:20:28', '', '2026-03-19 13:20:28', 0),
(51, '线索公司-051', '联系人51', '13800000051', '电话拜访', 3, 4, '备注-51', NULL, NULL, '系统', '2026-01-27 20:40:21', '', '2026-01-27 20:40:21', 0),
(52, '线索公司-052', '联系人52', '13800000052', '展会推广', 3, 5, NULL, NULL, NULL, '系统', '2026-01-18 15:40:06', '', '2026-01-18 15:40:06', 0),
(53, '线索公司-053', '联系人53', '13800000053', '搜索引擎', 3, 3, NULL, NULL, NULL, '系统', '2026-01-22 07:00:07', '', '2026-01-22 07:00:07', 0),
(54, '线索公司-054', '联系人54', '13800000054', '社交媒体', 3, 3, '备注-54', NULL, NULL, '系统', '2026-02-01 01:34:12', '', '2026-02-01 01:34:12', 0),
(55, '线索公司-055', '联系人55', '13800000055', '展会推广', 3, 5, NULL, NULL, NULL, '系统', '2026-04-26 19:28:03', '', '2026-04-26 19:28:03', 0),
(56, '线索公司-056', '联系人56', '13800000056', '展会推广', 4, 3, NULL, '已死原因-056', '2026-06-08 18:00:00', '系统', '2026-03-16 02:28:29', '', '2026-03-16 02:28:29', 0),
(57, '线索公司-057', '联系人57', '13800000057', '广告投放', 4, 4, '备注-57', '已死原因-057', '2026-06-10 18:00:00', '系统', '2026-02-18 19:40:28', '', '2026-02-18 19:40:28', 0),
(58, '线索公司-058', '联系人58', '13800000058', '社交媒体', 4, 3, NULL, '已死原因-058', '2026-06-24 18:00:00', '系统', '2026-05-20 22:48:25', '', '2026-05-20 22:48:25', 0),
(59, '线索公司-059', '联系人59', '13800000059', '广告投放', 4, 5, NULL, '已死原因-059', '2026-06-19 18:00:00', '系统', '2026-05-26 19:20:39', '', '2026-05-26 19:20:39', 0),
(60, '线索公司-060', '联系人60', '13800000060', '老客户介绍', 4, 5, '备注-60', '已死原因-060', '2026-06-18 18:00:00', '系统', '2026-01-22 15:52:14', '', '2026-01-22 15:52:14', 0);

-- ---------- 2) crm_customer 100 条(10 来自 lead 转客户,90 新增) ----------
INSERT INTO crm_customer (id, customer_name, industry, level, owner_user_id, is_public, last_follow_time, create_by, create_time, update_by, update_time, is_deleted) VALUES
(1, '线索公司-046(已转)', '广告', 'B', 4, 0, '2026-06-11 12:52:13', '系统', '2026-01-01 15:07:27', '', '', 0),
(2, '线索公司-047(已转)', '广告', 'C', 5, 0, '2026-06-03 21:58:39', '系统', '2026-06-27 05:09:14', '', '', 0),
(3, '线索公司-048(已转)', '金融', 'C', 5, 0, '2026-06-28 07:30:06', '系统', '2026-04-09 13:52:49', '', '', 0),
(4, '线索公司-049(已转)', '广告', 'B', 3, 0, NULL, '系统', '2026-05-29 01:33:28', '', '', 0),
(5, '线索公司-050(已转)', '物流', 'C', 3, 0, '2026-05-29 18:39:58', '系统', '2026-06-28 08:29:23', '', '', 0),
(6, '线索公司-051(已转)', '医疗', 'B', 5, 0, '2026-06-04 04:20:07', '系统', '2026-01-04 18:46:05', '', '', 0),
(7, '线索公司-052(已转)', '金融', 'A', 4, 0, '2026-06-10 10:38:08', '系统', '2026-01-12 05:57:03', '', '', 0),
(8, '线索公司-053(已转)', '制造', 'A', 5, 0, NULL, '系统', '2026-05-23 02:56:11', '', '', 0),
(9, '线索公司-054(已转)', '制造', 'C', 4, 0, '2026-06-04 20:31:17', '系统', '2026-05-29 17:02:49', '', '', 0),
(10, '线索公司-055(已转)', '零售', 'C', 3, 0, '2026-06-11 14:48:48', '系统', '2026-02-02 01:32:50', '', '', 0),
(11, '公海客户-011', '物流', 'C', NULL, 1, '2026-06-09 00:45:46', '系统', '2026-03-24 03:57:56', '', '', 0),
(12, '公海客户-012', '物流', 'C', NULL, 1, NULL, '系统', '2026-05-14 23:00:58', '', '', 0),
(13, '公海客户-013', '教育', 'C', NULL, 1, '2026-06-18 02:51:34', '系统', '2026-03-02 12:42:11', '', '', 0),
(14, '公海客户-014', '医疗', 'B', NULL, 1, '2026-06-23 21:01:10', '系统', '2026-06-24 16:30:19', '', '', 0),
(15, '公海客户-015', '零售', 'A', NULL, 1, '2026-06-09 15:47:28', '系统', '2026-02-18 03:19:26', '', '', 0),
(16, '公海客户-016', '制造', 'B', NULL, 1, NULL, '系统', '2026-01-05 02:01:36', '', '', 0),
(17, '公海客户-017', '建筑', 'C', NULL, 1, '2026-06-27 07:34:56', '系统', '2026-02-14 16:24:44', '', '', 0),
(18, '公海客户-018', '教育', 'A', NULL, 1, '2026-06-01 14:35:34', '系统', '2026-01-14 18:51:06', '', '', 0),
(19, '公海客户-019', '教育', 'A', NULL, 1, '2026-05-31 06:35:55', '系统', '2026-06-25 19:33:47', '', '', 0),
(20, '公海客户-020', '医疗', 'A', NULL, 1, NULL, '系统', '2026-04-10 20:08:28', '', '', 0),
(21, '正式客户-021', '金融', 'C', 3, 0, '2026-06-09 03:36:14', '系统', '2026-04-05 06:11:43', '', '', 0),
(22, '正式客户-022', '广告', 'C', 5, 0, '2026-06-26 11:18:48', '系统', '2026-06-21 08:12:11', '', '', 0),
(23, '正式客户-023', '零售', 'A', 5, 0, '2026-06-21 17:03:12', '系统', '2026-06-02 08:35:29', '', '', 0),
(24, '正式客户-024', '教育', 'A', 4, 0, NULL, '系统', '2026-01-19 19:43:49', '', '', 0),
(25, '正式客户-025', '互联网', 'B', 5, 0, '2026-06-18 16:58:07', '系统', '2026-03-24 06:01:10', '', '', 0),
(26, '正式客户-026', '企业服务', 'C', 4, 0, '2026-06-03 12:39:54', '系统', '2026-05-07 21:19:23', '', '', 0),
(27, '正式客户-027', '互联网', 'C', 3, 0, '2026-06-04 01:18:27', '系统', '2026-03-07 21:15:53', '', '', 0),
(28, '正式客户-028', '教育', 'A', 3, 0, '2026-05-21 12:40:21', '系统', '2026-04-15 03:16:21', '', '', 0),
(29, '正式客户-029', '互联网', 'A', 3, 0, '2026-06-21 05:00:02', '系统', '2026-02-24 02:06:52', '', '', 0),
(30, '正式客户-030', '制造', 'B', 3, 0, '2026-06-25 11:10:31', '系统', '2026-06-06 21:39:23', '', '', 0),
(31, '正式客户-031', '企业服务', 'C', 3, 0, '2026-05-30 11:11:38', '系统', '2026-04-15 23:19:20', '', '', 0),
(32, '正式客户-032', '教育', 'A', 3, 0, NULL, '系统', '2026-03-20 22:01:36', '', '', 0),
(33, '正式客户-033', '零售', 'A', 4, 0, '2026-06-18 05:14:44', '系统', '2026-06-17 21:33:46', '', '', 0),
(34, '正式客户-034', '广告', 'B', 3, 0, '2026-06-17 16:52:27', '系统', '2026-01-01 10:02:41', '', '', 0),
(35, '正式客户-035', '零售', 'B', 4, 0, '2026-06-25 17:31:01', '系统', '2026-03-24 03:21:27', '', '', 0),
(36, '正式客户-036', '零售', 'A', 5, 0, NULL, '系统', '2026-02-06 20:59:17', '', '', 0),
(37, '正式客户-037', '教育', 'A', 4, 0, '2026-06-25 01:42:11', '系统', '2026-04-23 11:10:32', '', '', 0),
(38, '正式客户-038', '医疗', 'A', 3, 0, '2026-06-27 02:36:58', '系统', '2026-01-10 17:40:48', '', '', 0),
(39, '正式客户-039', '物流', 'C', 4, 0, '2026-06-01 12:16:10', '系统', '2026-01-31 13:41:22', '', '', 0),
(40, '正式客户-040', '制造', 'A', 5, 0, NULL, '系统', '2026-01-14 07:19:57', '', '', 0),
(41, '正式客户-041', '制造', 'C', 5, 0, '2026-06-10 04:01:56', '系统', '2026-06-17 08:22:06', '', '', 0),
(42, '正式客户-042', '制造', 'C', 4, 0, '2026-06-26 20:29:22', '系统', '2026-02-17 19:26:48', '', '', 0),
(43, '正式客户-043', '企业服务', 'C', 5, 0, '2026-06-19 02:25:56', '系统', '2026-01-16 22:04:13', '', '', 0),
(44, '正式客户-044', '建筑', 'C', 5, 0, NULL, '系统', '2026-04-12 12:20:38', '', '', 0),
(45, '正式客户-045', '金融', 'A', 4, 0, '2026-06-14 00:03:02', '系统', '2026-05-11 01:08:57', '', '', 0),
(46, '正式客户-046', '金融', 'B', 3, 0, '2026-06-13 07:31:18', '系统', '2026-01-26 09:56:13', '', '', 0),
(47, '正式客户-047', '医疗', 'A', 4, 0, '2026-06-20 23:56:28', '系统', '2026-01-02 19:24:47', '', '', 0),
(48, '正式客户-048', '建筑', 'A', 5, 0, NULL, '系统', '2026-01-15 05:25:10', '', '', 0),
(49, '正式客户-049', '教育', 'C', 5, 0, '2026-06-05 04:19:23', '系统', '2026-02-21 11:55:24', '', '', 0),
(50, '正式客户-050', '制造', 'A', 4, 0, '2026-06-12 14:02:03', '系统', '2026-03-13 18:07:15', '', '', 0),
(51, '正式客户-051', '零售', 'C', 3, 0, '2026-06-13 10:27:28', '系统', '2026-05-17 14:44:01', '', '', 0),
(52, '正式客户-052', '物流', 'A', 5, 0, NULL, '系统', '2026-05-10 16:28:05', '', '', 0),
(53, '正式客户-053', '金融', 'C', 5, 0, '2026-06-05 06:27:37', '系统', '2026-01-21 02:44:53', '', '', 0),
(54, '正式客户-054', '制造', 'A', 4, 0, '2026-06-25 14:33:08', '系统', '2026-05-25 03:54:45', '', '', 0),
(55, '正式客户-055', '金融', 'B', 3, 0, '2026-06-08 23:24:04', '系统', '2026-04-28 10:42:40', '', '', 0),
(56, '正式客户-056', '医疗', 'A', 5, 0, '2026-05-12 13:33:48', '系统', '2026-05-14 11:58:07', '', '', 0),
(57, '正式客户-057', '零售', 'B', 5, 0, '2026-06-01 05:11:06', '系统', '2026-06-25 19:10:25', '', '', 0),
(58, '正式客户-058', '互联网', 'B', 3, 0, '2026-05-29 22:07:51', '系统', '2026-01-09 13:27:33', '', '', 0),
(59, '正式客户-059', '广告', 'C', 4, 0, '2026-06-06 14:15:23', '系统', '2026-02-20 20:48:00', '', '', 0),
(60, '正式客户-060', '零售', 'C', 5, 0, NULL, '系统', '2026-05-18 00:38:55', '', '', 0),
(61, '正式客户-061', '物流', 'A', 4, 0, '2026-06-02 09:39:55', '系统', '2026-01-22 17:22:12', '', '', 0),
(62, '正式客户-062', '广告', 'C', 5, 0, '2026-06-16 16:10:04', '系统', '2026-01-07 23:54:11', '', '', 0),
(63, '正式客户-063', '物流', 'A', 5, 0, '2026-06-04 22:29:05', '系统', '2026-03-25 10:57:04', '', '', 0),
(64, '正式客户-064', '金融', 'B', 3, 0, NULL, '系统', '2026-06-24 13:33:26', '', '', 0),
(65, '正式客户-065', '医疗', 'A', 3, 0, '2026-06-10 20:43:23', '系统', '2026-05-13 10:39:40', '', '', 0),
(66, '正式客户-066', '制造', 'B', 5, 0, '2026-06-25 22:18:41', '系统', '2026-06-01 11:36:18', '', '', 0),
(67, '正式客户-067', '建筑', 'C', 4, 0, '2026-06-10 05:49:08', '系统', '2026-01-31 00:16:14', '', '', 0),
(68, '正式客户-068', '广告', 'B', 3, 0, NULL, '系统', '2026-01-05 19:30:46', '', '', 0),
(69, '正式客户-069', '医疗', 'B', 3, 0, '2026-06-10 19:08:08', '系统', '2026-06-05 18:41:12', '', '', 0),
(70, '正式客户-070', '广告', 'C', 4, 0, '2026-06-17 07:41:36', '系统', '2026-01-21 23:45:43', '', '', 0),
(71, '正式客户-071', '零售', 'A', 3, 0, '2026-06-21 02:17:31', '系统', '2026-02-08 18:04:36', '', '', 0),
(72, '正式客户-072', '金融', 'A', 4, 0, NULL, '系统', '2026-02-13 06:53:56', '', '', 0),
(73, '正式客户-073', '教育', 'B', 3, 0, '2026-06-12 06:35:45', '系统', '2026-03-05 17:48:41', '', '', 0),
(74, '正式客户-074', '金融', 'B', 3, 0, '2026-06-23 11:30:02', '系统', '2026-05-05 13:31:17', '', '', 0),
(75, '正式客户-075', '物流', 'B', 4, 0, '2026-06-04 08:22:58', '系统', '2026-01-06 08:37:40', '', '', 0),
(76, '正式客户-076', '广告', 'C', 4, 0, NULL, '系统', '2026-02-21 13:09:46', '', '', 0),
(77, '正式客户-077', '制造', 'C', 3, 0, '2026-06-15 12:45:16', '系统', '2026-03-26 09:12:50', '', '', 0),
(78, '正式客户-078', '医疗', 'B', 5, 0, '2026-06-23 13:51:03', '系统', '2026-04-28 17:08:16', '', '', 0),
(79, '正式客户-079', '互联网', 'C', 3, 0, '2026-06-11 02:46:23', '系统', '2026-02-06 21:49:52', '', '', 0),
(80, '正式客户-080', '互联网', 'A', 3, 0, NULL, '系统', '2026-04-11 23:00:15', '', '', 0),
(81, '正式客户-081', '教育', 'B', 5, 0, '2026-06-02 03:31:31', '系统', '2026-03-25 17:59:29', '', '', 0),
(82, '正式客户-082', '医疗', 'C', 5, 0, '2026-06-04 19:11:56', '系统', '2026-03-02 22:57:10', '', '', 0),
(83, '正式客户-083', '金融', 'C', 5, 0, '2026-06-18 13:48:44', '系统', '2026-03-02 01:22:15', '', '', 0),
(84, '正式客户-084', '互联网', 'C', 4, 0, '2026-05-26 15:56:14', '系统', '2026-02-27 09:51:11', '', '', 0),
(85, '正式客户-085', '教育', 'B', 3, 0, '2026-06-17 03:44:10', '系统', '2026-05-10 02:47:44', '', '', 0),
(86, '正式客户-086', '广告', 'C', 5, 0, '2026-06-13 08:37:55', '系统', '2026-04-21 12:13:21', '', '', 0),
(87, '正式客户-087', '物流', 'A', 4, 0, '2026-06-12 16:16:43', '系统', '2026-03-01 00:09:35', '', '', 0),
(88, '正式客户-088', '互联网', 'C', 3, 0, NULL, '系统', '2026-04-28 19:14:52', '', '', 0),
(89, '正式客户-089', '医疗', 'B', 5, 0, '2026-06-20 05:09:12', '系统', '2026-03-27 18:52:19', '', '', 0),
(90, '正式客户-090', '教育', 'C', 5, 0, '2026-06-06 23:42:17', '系统', '2026-04-02 21:12:26', '', '', 0),
(91, '正式客户-091', '制造', 'B', 5, 0, '2026-06-15 00:31:21', '系统', '2026-04-11 02:10:49', '', '', 0),
(92, '正式客户-092', '教育', 'C', 3, 0, NULL, '系统', '2026-03-02 06:39:34', '', '', 0),
(93, '正式客户-093', '教育', 'A', 3, 0, '2026-05-31 23:50:34', '系统', '2026-01-05 17:49:50', '', '', 0),
(94, '正式客户-094', '零售', 'C', 3, 0, '2026-06-02 06:51:03', '系统', '2026-06-15 00:03:52', '', '', 0),
(95, '正式客户-095', '互联网', 'C', 4, 0, '2026-06-08 04:32:00', '系统', '2026-04-22 18:49:15', '', '', 0),
(96, '正式客户-096', '互联网', 'B', 5, 0, NULL, '系统', '2026-03-19 14:31:02', '', '', 0),
(97, '正式客户-097', '广告', 'C', 3, 0, '2026-05-30 00:27:36', '系统', '2026-05-14 12:33:09', '', '', 0),
(98, '正式客户-098', '互联网', 'A', 3, 0, '2026-06-23 21:27:52', '系统', '2026-02-04 03:41:28', '', '', 0),
(99, '正式客户-099', '企业服务', 'C', 4, 0, '2026-06-04 15:23:34', '系统', '2026-02-18 09:20:53', '', '', 0),
(100, '正式客户-100', '广告', 'B', 4, 0, NULL, '系统', '2026-05-10 15:08:15', '', '', 0);

-- ---------- 3) crm_business 30 条(4 stage + 输单) ----------
INSERT INTO crm_business (id, customer_id, business_name, expected_amount, expected_deal_date, stage, owner_user_id, create_by, create_time, update_by, update_time, is_deleted) VALUES
(1, 78, '商机-001', 494551.6, '2026-08-16', '需求分析', 4, '系统', '2026-06-13 07:51:36', '', '', 0),
(2, 67, '商机-002', 325693.55, '2026-09-01', '需求分析', 5, '系统', '2026-05-12 10:22:40', '', '', 0),
(3, 81, '商机-003', 250661.13, '2026-06-21', '需求分析', 5, '系统', '2026-06-23 15:25:43', '', '', 0),
(4, 71, '商机-004', 252531.39, '2026-09-05', '需求分析', 3, '系统', '2026-06-21 13:01:20', '', '', 0),
(5, 92, '商机-005', 174790.11, '2026-09-08', '需求分析', 5, '系统', '2026-05-18 01:11:34', '', '', 0),
(6, 91, '商机-006', 157660.64, '2026-07-27', '需求分析', 3, '系统', '2026-06-09 06:40:48', '', '', 0),
(7, 47, '商机-007', 155522.11, '2026-07-13', '需求分析', 4, '系统', '2026-06-26 16:54:12', '', '', 0),
(8, 80, '商机-008', 86259.95, '2026-06-20', '需求分析', 3, '系统', '2026-05-08 04:32:12', '', '', 0),
(9, 99, '商机-009', 118762.37, '2026-06-28', '需求分析', 3, '系统', '2026-05-11 06:42:44', '', '', 0),
(10, 63, '商机-010', 198896.63, '2026-07-30', '需求分析', 4, '系统', '2026-04-07 01:05:22', '', '', 0),
(11, 37, '商机-011', 424801.03, '2026-07-20', '需求分析', 5, '系统', '2026-06-07 12:41:09', '', '', 0),
(12, 13, '商机-012', 435529.41, '2026-09-06', '需求分析', 5, '系统', '2026-05-07 22:21:07', '', '', 0),
(13, 72, '商机-013', 52653.24, '2026-07-16', '方案报价', 4, '系统', '2026-06-13 03:43:27', '', '', 0),
(14, 60, '商机-014', 434051.58, '2026-09-15', '方案报价', 4, '系统', '2026-05-23 06:08:41', '', '', 0),
(15, 80, '商机-015', 409940.68, '2026-09-23', '方案报价', 3, '系统', '2026-05-18 09:39:25', '', '', 0),
(16, 39, '商机-016', 172820.89, '2026-08-02', '方案报价', 3, '系统', '2026-05-08 18:06:10', '', '', 0),
(17, 54, '商机-017', 350993.13, '2026-09-11', '方案报价', 4, '系统', '2026-06-10 07:27:53', '', '', 0),
(18, 32, '商机-018', 428227.55, '2026-09-26', '方案报价', 3, '系统', '2026-05-31 09:57:49', '', '', 0),
(19, 79, '商机-019', 62134.9, '2026-07-21', '方案报价', 5, '系统', '2026-05-25 19:07:43', '', '', 0),
(20, 95, '商机-020', 62195.92, '2026-08-22', '方案报价', 4, '系统', '2026-04-14 04:12:09', '', '', 0),
(21, 70, '商机-021', 131778.06, '2026-07-04', '商务谈判', 4, '系统', '2026-05-02 18:47:13', '', '', 0),
(22, 38, '商机-022', 254614.7, '2026-07-14', '商务谈判', 4, '系统', '2026-04-28 00:23:05', '', '', 0),
(23, 64, '商机-023', 163522.19, '2026-06-11', '商务谈判', 4, '系统', '2026-04-02 21:09:58', '', '', 0),
(24, 80, '商机-024', 73438.52, '2026-07-15', '商务谈判', 3, '系统', '2026-06-03 02:56:43', '', '', 0),
(25, 19, '商机-025', 401554.87, '2026-08-23', '商务谈判', 3, '系统', '2026-06-13 05:29:26', '', '', 0),
(26, 14, '商机-026', 477325.28, '2026-06-26', '赢单', 3, '系统', '2026-05-31 07:49:01', '', '', 0),
(27, 30, '商机-027', 157345.22, '2026-07-31', '赢单', 5, '系统', '2026-04-12 02:32:48', '', '', 0),
(28, 83, '商机-028', 476490.66, '2026-07-30', '赢单', 5, '系统', '2026-04-25 21:05:27', '', '', 0),
(29, 58, '商机-029', 125505.11, '2026-08-17', '输单', 5, '系统', '2026-06-09 17:53:37', '', '', 0),
(30, 25, '商机-030', 400006.35, '2026-06-21', '输单', 4, '系统', '2026-04-11 11:53:18', '', '', 0);

-- ---------- 4) crm_contract 15 条 ----------
INSERT INTO crm_contract (id, contract_num, contract_name, customer_id, business_id, total_amount, start_date, end_date, status, owner_user_id, create_by, create_time, update_by, update_time, is_deleted) VALUES
(1, 'HT-20260001', '合同-001', 85, 26, 207703.53, '2026-05-28', '2027-12-13', 1, 4, '系统', '2026-05-09 12:16:18', '', '', 0),
(2, 'HT-20260002', '合同-002', 36, 27, 222798.94, '2026-06-10', '2027-08-12', 1, 5, '系统', '2026-04-10 21:26:50', '', '', 0),
(3, 'HT-20260003', '合同-003', 100, 28, 431744.27, '2026-06-03', '2027-04-02', 1, 5, '系统', '2026-06-17 07:20:37', '', '', 0),
(4, 'HT-20260004', '合同-004', 83, NULL, 245658.84, '2026-04-20', '2027-10-31', 1, 5, '系统', '2026-04-07 16:40:51', '', '', 0),
(5, 'HT-20260005', '合同-005', 75, NULL, 211885.81, '2026-05-06', '2027-02-18', 0, 4, '系统', '2026-05-13 02:10:57', '', '', 0),
(6, 'HT-20260006', '合同-006', 57, NULL, 208896.28, '2026-02-09', '2027-10-27', 1, 5, '系统', '2026-04-18 02:25:43', '', '', 0),
(7, 'HT-20260007', '合同-007', 77, NULL, 291368.43, '2026-05-18', '2028-03-23', 1, 5, '系统', '2026-05-16 03:14:03', '', '', 0),
(8, 'HT-20260008', '合同-008', 66, NULL, 256433.65, '2026-03-24', '2027-05-29', 2, 4, '系统', '2026-06-20 15:44:36', '', '', 0),
(9, 'HT-20260009', '合同-009', 22, NULL, 119732.06, '2026-04-29', '2027-11-18', 1, 3, '系统', '2026-05-03 15:51:39', '', '', 0),
(10, 'HT-20260010', '合同-010', 14, NULL, 173576.63, '2026-05-05', '2027-06-06', 1, 3, '系统', '2026-05-05 10:48:07', '', '', 0),
(11, 'HT-20260011', '合同-011', 44, NULL, 135084.71, '2026-03-12', '2026-09-18', 2, 5, '系统', '2026-05-21 03:49:43', '', '', 0),
(12, 'HT-20260012', '合同-012', 35, NULL, 71403.24, '2026-05-06', '2027-07-06', 3, 4, '系统', '2026-06-07 01:14:11', '', '', 0),
(13, 'HT-20260013', '合同-013', 71, NULL, 211475.72, '2026-01-05', '2026-10-07', 1, 4, '系统', '2026-04-29 13:37:06', '', '', 0),
(14, 'HT-20260014', '合同-014', 39, NULL, 151100.28, '2026-06-19', '2027-12-28', 1, 4, '系统', '2026-05-16 22:46:36', '', '', 0),
(15, 'HT-20260015', '合同-015', 81, NULL, 182730.48, '2026-05-21', '2027-10-21', 1, 5, '系统', '2026-05-05 03:46:40', '', '', 0);

-- ---------- 5) crm_receivable_plan 25 条 ----------
INSERT INTO crm_receivable_plan (id, contract_id, period, expected_amount, expected_date, status, remark, create_by, create_time, update_by, update_time, is_deleted) VALUES
(1, 1, 1, 69234.51, '2026-08-09', 2, '备注-1', '系统', '2026-03-31 18:00:00', '', '', 0),
(2, 1, 2, 69234.51, '2026-07-01', 1, '备注-2', '系统', '2026-03-10 18:00:00', '', '', 0),
(3, 1, 3, 69234.51, '2026-07-01', 1, '备注-3', '系统', '2026-04-12 18:00:00', '', '', 0),
(4, 2, 1, 111399.47, '2026-07-26', 1, '备注-4', '系统', '2026-03-20 18:00:00', '', '', 0),
(5, 2, 2, 111399.47, '2026-12-03', 2, '备注-5', '系统', '2026-01-15 18:00:00', '', '', 0),
(6, 3, 1, 215872.14, '2026-06-26', 1, '备注-6', '系统', '2026-03-15 18:00:00', '', '', 0),
(7, 3, 2, 215872.14, '2026-07-29', 2, '备注-7', '系统', '2026-03-13 18:00:00', '', '', 0),
(8, 4, 1, 245658.84, '2026-11-29', 2, '备注-8', '系统', '2026-03-20 18:00:00', '', '', 0),
(9, 5, 1, 211885.81, '2026-06-14', 2, '备注-9', '系统', '2026-04-27 18:00:00', '', '', 0),
(10, 6, 1, 69632.09, '2026-06-27', 1, '备注-10', '系统', '2026-01-03 18:00:00', '', '', 0),
(11, 6, 2, 69632.09, '2026-08-12', 2, '备注-11', '系统', '2026-02-06 18:00:00', '', '', 0),
(12, 6, 3, 69632.09, '2026-08-27', 2, '备注-12', '系统', '2026-05-16 18:00:00', '', '', 0),
(13, 7, 1, 145684.21, '2026-10-01', 2, '备注-13', '系统', '2026-05-13 18:00:00', '', '', 0),
(14, 7, 2, 145684.21, '2026-09-11', 2, '备注-14', '系统', '2026-01-02 18:00:00', '', '', 0),
(15, 8, 1, 256433.65, '2026-07-09', 2, '备注-15', '系统', '2026-01-05 18:00:00', '', '', 0),
(16, 9, 1, 59866.03, '2026-06-22', 0, '备注-16', '系统', '2026-04-29 18:00:00', '', '', 0),
(17, 9, 2, 59866.03, '2026-10-21', 1, '备注-17', '系统', '2025-12-25 18:00:00', '', '', 0),
(18, 10, 1, 86788.32, '2026-12-16', 2, '备注-18', '系统', '2026-02-03 18:00:00', '', '', 0),
(19, 10, 2, 86788.32, '2026-09-22', 2, '备注-19', '系统', '2025-12-30 18:00:00', '', '', 0),
(20, 11, 1, 45028.24, '2026-08-18', 2, '备注-20', '系统', '2026-05-14 18:00:00', '', '', 0),
(21, 11, 2, 45028.24, '2026-11-04', 0, '备注-21', '系统', '2026-05-04 18:00:00', '', '', 0),
(22, 11, 3, 45028.24, '2026-12-13', 2, '备注-22', '系统', '2026-04-05 18:00:00', '', '', 0),
(23, 13, 1, 105737.86, '2026-11-17', 2, '备注-23', '系统', '2026-03-29 18:00:00', '', '', 0),
(24, 13, 2, 105737.86, '2026-07-15', 2, '备注-24', '系统', '2026-04-19 18:00:00', '', '', 0),
(25, 14, 1, 151100.28, '2026-09-13', 2, '备注-25', '系统', '2025-12-28 18:00:00', '', '', 0),
(26, 15, 1, 60910.16, '2026-08-14', 2, '备注-26', '系统', '2026-03-17 18:00:00', '', '', 0),
(27, 15, 2, 60910.16, '2026-11-28', 2, '备注-27', '系统', '2026-02-02 18:00:00', '', '', 0),
(28, 15, 3, 60910.16, '2026-06-19', 2, '备注-28', '系统', '2026-03-23 18:00:00', '', '', 0);

-- ---------- 6) crm_receivable 30 条 ----------
INSERT INTO crm_receivable (receivable_num, contract_id, plan_id, actual_amount, return_date, payment_method, create_by, create_time) VALUES
('SK-20260001', 13, NULL, 41649.91, '2026-06-15', '微信', '赵财务', '2026-05-12 06:38:44'),
('SK-20260002', 2, NULL, 31782.5, '2026-06-22', '微信', '赵财务', '2026-06-28 04:45:07'),
('SK-20260003', 5, NULL, 43065.25, '2026-04-10', '银行转账', '赵财务', '2026-04-17 02:37:41'),
('SK-20260004', 13, NULL, 22304.47, '2026-06-12', '支付宝', '赵财务', '2026-05-13 15:18:06'),
('SK-20260005', 2, NULL, 28747.92, '2026-05-09', '现金', '赵财务', '2026-04-27 10:22:46');

-- ---------- 7) crm_record 80 条(4 实体 + 4 跟进方式) ----------
INSERT INTO crm_record (id, related_type, related_id, content, follow_type, next_follow_time, create_by, create_time) VALUES
(1, 'contract', 8, '沟通纪要-1: 客户反馈积极,下周约面谈', '电话', '2026-06-05 01:31:35', '王主管', '2026-05-29 01:31:35'),
(2, 'business', 20, '沟通纪要-2: 客户反馈积极,下周约面谈', '上门拜访', '2026-04-14 12:16:10', '王主管', '2026-04-03 12:16:10'),
(3, 'lead', 49, '沟通纪要-3: 客户反馈积极,下周约面谈', '上门拜访', '2026-06-08 22:45:10', '李销售', '2026-05-26 22:45:10'),
(4, 'contract', 9, '沟通纪要-4: 客户反馈积极,下周约面谈', '邮件', '2026-05-08 00:09:06', '陈销售', '2026-04-28 00:09:06'),
(5, 'contract', 2, '沟通纪要-5: 客户反馈积极,下周约面谈', '邮件', '2026-05-10 18:48:28', '王主管', '2026-05-04 18:48:28'),
(6, 'lead', 55, '沟通纪要-6: 客户反馈积极,下周约面谈', '微信', '2026-05-11 00:29:53', '陈销售', '2026-05-03 00:29:53'),
(7, 'contract', 14, '沟通纪要-7: 客户反馈积极,下周约面谈', '电话', '2026-05-20 03:49:16', '陈销售', '2026-05-15 03:49:16'),
(8, 'lead', 50, '沟通纪要-8: 客户反馈积极,下周约面谈', '邮件', NULL, '李销售', '2026-06-23 23:23:15'),
(9, 'contract', 7, '沟通纪要-9: 客户反馈积极,下周约面谈', '电话', NULL, '王主管', '2026-04-19 05:05:56'),
(10, 'contract', 11, '沟通纪要-10: 客户反馈积极,下周约面谈', '邮件', '2026-06-18 18:54:22', '王主管', '2026-06-13 18:54:22'),
(11, 'customer', 37, '沟通纪要-11: 客户反馈积极,下周约面谈', '邮件', NULL, '李销售', '2026-06-25 12:31:16'),
(12, 'lead', 41, '沟通纪要-12: 客户反馈积极,下周约面谈', '微信', '2026-06-17 21:54:49', '李销售', '2026-06-08 21:54:49'),
(13, 'contract', 2, '沟通纪要-13: 客户反馈积极,下周约面谈', '微信', NULL, '陈销售', '2026-06-21 16:37:02'),
(14, 'lead', 42, '沟通纪要-14: 客户反馈积极,下周约面谈', '微信', NULL, '陈销售', '2026-05-19 09:17:56'),
(15, 'business', 14, '沟通纪要-15: 客户反馈积极,下周约面谈', '邮件', '2026-05-25 20:21:06', '李销售', '2026-05-16 20:21:06'),
(16, 'contract', 4, '沟通纪要-16: 客户反馈积极,下周约面谈', '微信', '2026-07-06 21:19:43', '陈销售', '2026-06-23 21:19:43'),
(17, 'business', 30, '沟通纪要-17: 客户反馈积极,下周约面谈', '上门拜访', '2026-07-01 16:01:07', '陈销售', '2026-06-19 16:01:07'),
(18, 'contract', 14, '沟通纪要-18: 客户反馈积极,下周约面谈', '微信', NULL, '陈销售', '2026-05-14 08:31:51'),
(19, 'business', 18, '沟通纪要-19: 客户反馈积极,下周约面谈', '邮件', NULL, '李销售', '2026-05-15 05:01:47'),
(20, 'customer', 74, '沟通纪要-20: 客户反馈积极,下周约面谈', '邮件', NULL, '陈销售', '2026-04-23 16:14:23'),
(21, 'lead', 21, '沟通纪要-21: 客户反馈积极,下周约面谈', '邮件', NULL, '陈销售', '2026-06-08 11:18:00'),
(22, 'contract', 11, '沟通纪要-22: 客户反馈积极,下周约面谈', '微信', NULL, '李销售', '2026-05-19 02:11:57'),
(23, 'business', 28, '沟通纪要-23: 客户反馈积极,下周约面谈', '电话', NULL, '李销售', '2026-06-24 21:00:40'),
(24, 'contract', 1, '沟通纪要-24: 客户反馈积极,下周约面谈', '微信', NULL, '李销售', '2026-05-10 19:19:09'),
(25, 'lead', 31, '沟通纪要-25: 客户反馈积极,下周约面谈', '上门拜访', NULL, '陈销售', '2026-05-03 20:54:17'),
(26, 'lead', 55, '沟通纪要-26: 客户反馈积极,下周约面谈', '上门拜访', NULL, '王主管', '2026-06-22 18:05:57'),
(27, 'contract', 6, '沟通纪要-27: 客户反馈积极,下周约面谈', '邮件', NULL, '王主管', '2026-06-24 16:47:59'),
(28, 'lead', 16, '沟通纪要-28: 客户反馈积极,下周约面谈', '上门拜访', NULL, '陈销售', '2026-04-23 02:04:53'),
(29, 'lead', 49, '沟通纪要-29: 客户反馈积极,下周约面谈', '电话', '2026-05-19 01:50:45', '李销售', '2026-05-14 01:50:45'),
(30, 'lead', 21, '沟通纪要-30: 客户反馈积极,下周约面谈', '电话', '2026-05-06 11:35:47', '李销售', '2026-04-29 11:35:47'),
(31, 'customer', 68, '沟通纪要-31: 客户反馈积极,下周约面谈', '邮件', NULL, '李销售', '2026-05-25 22:42:28'),
(32, 'customer', 23, '沟通纪要-32: 客户反馈积极,下周约面谈', '电话', NULL, '王主管', '2026-05-30 04:13:07'),
(33, 'customer', 64, '沟通纪要-33: 客户反馈积极,下周约面谈', '微信', '2026-04-28 13:02:17', '陈销售', '2026-04-23 13:02:17'),
(34, 'business', 22, '沟通纪要-34: 客户反馈积极,下周约面谈', '电话', NULL, '陈销售', '2026-06-27 06:36:31'),
(35, 'customer', 10, '沟通纪要-35: 客户反馈积极,下周约面谈', '邮件', NULL, '陈销售', '2026-05-04 13:13:34'),
(36, 'contract', 12, '沟通纪要-36: 客户反馈积极,下周约面谈', '上门拜访', NULL, '李销售', '2026-05-15 08:30:16'),
(37, 'contract', 14, '沟通纪要-37: 客户反馈积极,下周约面谈', '邮件', '2026-04-21 08:31:12', '陈销售', '2026-04-11 08:31:12'),
(38, 'business', 23, '沟通纪要-38: 客户反馈积极,下周约面谈', '上门拜访', NULL, '王主管', '2026-04-03 03:07:22'),
(39, 'contract', 5, '沟通纪要-39: 客户反馈积极,下周约面谈', '电话', NULL, '王主管', '2026-05-25 22:42:36'),
(40, 'lead', 59, '沟通纪要-40: 客户反馈积极,下周约面谈', '邮件', NULL, '陈销售', '2026-06-20 20:39:19'),
(41, 'customer', 78, '沟通纪要-41: 客户反馈积极,下周约面谈', '上门拜访', NULL, '王主管', '2026-04-22 06:19:03'),
(42, 'business', 22, '沟通纪要-42: 客户反馈积极,下周约面谈', '微信', '2026-06-11 23:55:27', '王主管', '2026-05-31 23:55:27'),
(43, 'lead', 20, '沟通纪要-43: 客户反馈积极,下周约面谈', '邮件', NULL, '王主管', '2026-04-04 05:44:41'),
(44, 'customer', 12, '沟通纪要-44: 客户反馈积极,下周约面谈', '上门拜访', NULL, '李销售', '2026-05-02 17:18:38'),
(45, 'customer', 17, '沟通纪要-45: 客户反馈积极,下周约面谈', '上门拜访', NULL, '陈销售', '2026-05-22 12:58:32'),
(46, 'customer', 33, '沟通纪要-46: 客户反馈积极,下周约面谈', '邮件', '2026-07-02 07:15:15', '陈销售', '2026-06-18 07:15:15'),
(47, 'lead', 30, '沟通纪要-47: 客户反馈积极,下周约面谈', '电话', NULL, '李销售', '2026-04-14 15:59:15'),
(48, 'contract', 14, '沟通纪要-48: 客户反馈积极,下周约面谈', '上门拜访', NULL, '李销售', '2026-04-09 18:25:15'),
(49, 'business', 18, '沟通纪要-49: 客户反馈积极,下周约面谈', '电话', '2026-05-27 03:43:41', '王主管', '2026-05-15 03:43:41'),
(50, 'business', 19, '沟通纪要-50: 客户反馈积极,下周约面谈', '邮件', NULL, '陈销售', '2026-06-19 20:22:16'),
(51, 'lead', 44, '沟通纪要-51: 客户反馈积极,下周约面谈', '微信', '2026-05-25 18:37:14', '陈销售', '2026-05-16 18:37:14'),
(52, 'customer', 83, '沟通纪要-52: 客户反馈积极,下周约面谈', '电话', NULL, '王主管', '2026-06-01 16:35:54'),
(53, 'business', 21, '沟通纪要-53: 客户反馈积极,下周约面谈', '邮件', '2026-04-13 07:52:28', '陈销售', '2026-04-12 07:52:28'),
(54, 'contract', 2, '沟通纪要-54: 客户反馈积极,下周约面谈', '电话', NULL, '李销售', '2026-04-23 19:07:25'),
(55, 'contract', 8, '沟通纪要-55: 客户反馈积极,下周约面谈', '上门拜访', NULL, '王主管', '2026-06-05 02:20:46'),
(56, 'contract', 10, '沟通纪要-56: 客户反馈积极,下周约面谈', '微信', '2026-06-27 23:09:49', '陈销售', '2026-06-25 23:09:49'),
(57, 'contract', 5, '沟通纪要-57: 客户反馈积极,下周约面谈', '电话', '2026-06-15 00:28:13', '陈销售', '2026-06-07 00:28:13'),
(58, 'customer', 47, '沟通纪要-58: 客户反馈积极,下周约面谈', '电话', '2026-06-17 13:45:02', '陈销售', '2026-06-06 13:45:02'),
(59, 'lead', 26, '沟通纪要-59: 客户反馈积极,下周约面谈', '上门拜访', NULL, '陈销售', '2026-04-19 10:17:09'),
(60, 'lead', 43, '沟通纪要-60: 客户反馈积极,下周约面谈', '微信', NULL, '李销售', '2026-06-02 07:16:47'),
(61, 'lead', 51, '沟通纪要-61: 客户反馈积极,下周约面谈', '上门拜访', NULL, '王主管', '2026-04-24 15:33:23'),
(62, 'customer', 9, '沟通纪要-62: 客户反馈积极,下周约面谈', '微信', '2026-06-10 22:22:17', '李销售', '2026-05-27 22:22:17'),
(63, 'business', 25, '沟通纪要-63: 客户反馈积极,下周约面谈', '微信', NULL, '李销售', '2026-06-16 13:40:23'),
(64, 'business', 28, '沟通纪要-64: 客户反馈积极,下周约面谈', '微信', NULL, '李销售', '2026-04-13 14:54:13'),
(65, 'lead', 43, '沟通纪要-65: 客户反馈积极,下周约面谈', '电话', '2026-04-26 19:07:25', '李销售', '2026-04-13 19:07:25'),
(66, 'business', 1, '沟通纪要-66: 客户反馈积极,下周约面谈', '微信', '2026-05-08 18:21:04', '陈销售', '2026-04-26 18:21:04'),
(67, 'lead', 48, '沟通纪要-67: 客户反馈积极,下周约面谈', '电话', '2026-05-23 05:44:00', '王主管', '2026-05-17 05:44:00'),
(68, 'lead', 29, '沟通纪要-68: 客户反馈积极,下周约面谈', '微信', '2026-06-12 17:18:10', '王主管', '2026-05-30 17:18:10'),
(69, 'business', 15, '沟通纪要-69: 客户反馈积极,下周约面谈', '电话', NULL, '陈销售', '2026-04-06 21:44:00'),
(70, 'contract', 11, '沟通纪要-70: 客户反馈积极,下周约面谈', '电话', NULL, '陈销售', '2026-05-18 14:24:33'),
(71, 'lead', 58, '沟通纪要-71: 客户反馈积极,下周约面谈', '电话', NULL, '李销售', '2026-05-02 06:34:29'),
(72, 'customer', 36, '沟通纪要-72: 客户反馈积极,下周约面谈', '上门拜访', NULL, '王主管', '2026-05-07 23:34:17'),
(73, 'business', 15, '沟通纪要-73: 客户反馈积极,下周约面谈', '邮件', NULL, '李销售', '2026-04-10 15:06:09'),
(74, 'customer', 56, '沟通纪要-74: 客户反馈积极,下周约面谈', '邮件', '2026-07-02 05:24:07', '陈销售', '2026-06-26 05:24:07'),
(75, 'contract', 7, '沟通纪要-75: 客户反馈积极,下周约面谈', '电话', '2026-05-12 08:17:25', '陈销售', '2026-05-01 08:17:25'),
(76, 'business', 5, '沟通纪要-76: 客户反馈积极,下周约面谈', '邮件', '2026-04-09 12:25:55', '李销售', '2026-04-07 12:25:55'),
(77, 'contract', 2, '沟通纪要-77: 客户反馈积极,下周约面谈', '上门拜访', '2026-06-19 19:33:34', '王主管', '2026-06-18 19:33:34'),
(78, 'business', 22, '沟通纪要-78: 客户反馈积极,下周约面谈', '电话', '2026-05-21 21:15:12', '陈销售', '2026-05-10 21:15:12'),
(79, 'lead', 19, '沟通纪要-79: 客户反馈积极,下周约面谈', '上门拜访', '2026-05-14 03:23:42', '李销售', '2026-05-05 03:23:42'),
(80, 'customer', 85, '沟通纪要-80: 客户反馈积极,下周约面谈', '邮件', NULL, '陈销售', '2026-04-22 18:31:42');

SET FOREIGN_KEY_CHECKS = 1;

-- 验证查询:
-- SELECT 'crm_lead' AS tbl, COUNT(*) AS cnt FROM crm_lead UNION ALL
-- SELECT 'crm_customer', COUNT(*) FROM crm_customer UNION ALL
-- SELECT 'crm_business', COUNT(*) FROM crm_business UNION ALL
-- SELECT 'crm_contract', COUNT(*) FROM crm_contract UNION ALL
-- SELECT 'crm_receivable_plan', COUNT(*) FROM crm_receivable_plan UNION ALL
-- SELECT 'crm_receivable', COUNT(*) FROM crm_receivable UNION ALL
-- SELECT 'crm_record', COUNT(*) FROM crm_record;
